account_id,customer_id,account_type,created_at
ACC-NORM-001,CUST-NORM-066,SAVINGS,2024-01-21 09:00:00
ACC-NORM-002,CUST-NORM-069,SAVINGS,2026-05-05 09:00:00
ACC-NORM-003,CUST-NORM-015,BUSINESS,2025-09-08 09:00:00
ACC-NORM-004,CUST-NORM-023,CURRENT,2025-09-04 09:00:00
ACC-NORM-005,CUST-NORM-005,SAVINGS,2025-03-15 09:00:00
ACC-NORM-006,CUST-NORM-045,CURRENT,2025-07-16 09:00:00
ACC-NORM-007,CUST-NORM-056,CURRENT,2024-12-26 09:00:00
ACC-NORM-008,CUST-NORM-015,SAVINGS,2024-10-20 09:00:00
ACC-NORM-009,CUST-NORM-025,SAVINGS,2024-06-07 09:00:00
ACC-NORM-010,CUST-NORM-056,SAVINGS,2024-02-28 09:00:00
ACC-NORM-011,CUST-NORM-069,CURRENT,2024-05-04 09:00:00
ACC-NORM-012,CUST-NORM-026,SAVINGS,2026-03-23 09:00:00
ACC-NORM-013,CUST-NORM-043,CURRENT,2024-07-23 09:00:00
ACC-NORM-014,CUST-NORM-016,CURRENT,2025-07-30 09:00:00
ACC-NORM-015,CUST-NORM-065,SAVINGS,2025-04-10 09:00:00
ACC-NORM-016,CUST-NORM-042,SAVINGS,2025-08-04 09:00:00
ACC-NORM-017,CUST-NORM-071,SAVINGS,2025-03-29 09:00:00
ACC-NORM-018,CUST-NORM-049,CURRENT,2023-11-21 09:00:00
ACC-NORM-019,CUST-NORM-023,CURRENT,2025-07-29 09:00:00
ACC-NORM-020,CUST-NORM-052,SAVINGS,2026-06-02 09:00:00
ACC-NORM-021,CUST-NORM-039,SAVINGS,2025-03-19 09:00:00
ACC-NORM-022,CUST-NORM-075,CURRENT,2025-07-08 09:00:00
ACC-NORM-023,CUST-NORM-060,SAVINGS,2024-07-11 09:00:00
ACC-NORM-024,CUST-NORM-028,SAVINGS,2024-03-12 09:00:00
ACC-NORM-025,CUST-NORM-022,CURRENT,2025-08-16 09:00:00
ACC-NORM-026,CUST-NORM-066,CURRENT,2024-09-06 09:00:00
ACC-NORM-027,CUST-NORM-043,SAVINGS,2024-04-24 09:00:00
ACC-NORM-028,CUST-NORM-031,CURRENT,2025-10-15 09:00:00
ACC-NORM-029,CUST-NORM-026,SAVINGS,2026-04-16 09:00:00
ACC-NORM-030,CUST-NORM-032,BUSINESS,2024-09-15 09:00:00
ACC-NORM-031,CUST-NORM-010,SAVINGS,2023-12-08 09:00:00
ACC-NORM-032,CUST-NORM-074,SAVINGS,2024-06-19 09:00:00
ACC-NORM-033,CUST-NORM-050,SAVINGS,2025-09-26 09:00:00
ACC-NORM-034,CUST-NORM-019,CURRENT,2026-05-28 09:00:00
ACC-NORM-035,CUST-NORM-014,CURRENT,2025-10-21 09:00:00
ACC-NORM-036,CUST-NORM-023,CURRENT,2024-06-20 09:00:00
ACC-NORM-037,CUST-NORM-067,SAVINGS,2024-11-09 09:00:00
ACC-NORM-038,CUST-NORM-032,BUSINESS,2026-01-29 09:00:00
ACC-NORM-039,CUST-NORM-059,SAVINGS,2025-02-12 09:00:00
ACC-NORM-040,CUST-NORM-068,BUSINESS,2024-10-01 09:00:00
ACC-NORM-041,CUST-NORM-041,BUSINESS,2023-12-03 09:00:00
ACC-NORM-042,CUST-NORM-057,CURRENT,2024-05-27 09:00:00
ACC-NORM-043,CUST-NORM-065,SAVINGS,2023-11-17 09:00:00
ACC-NORM-044,CUST-NORM-071,SAVINGS,2025-12-22 09:00:00
ACC-NORM-045,CUST-NORM-061,SAVINGS,2024-04-24 09:00:00
ACC-NORM-046,CUST-NORM-032,CURRENT,2025-08-23 09:00:00
ACC-NORM-047,CUST-NORM-067,SAVINGS,2025-10-01 09:00:00
ACC-NORM-048,CUST-NORM-036,SAVINGS,2024-06-02 09:00:00
ACC-NORM-049,CUST-NORM-037,SAVINGS,2025-06-24 09:00:00
ACC-NORM-050,CUST-NORM-041,BUSINESS,2026-03-12 09:00:00
ACC-NORM-051,CUST-NORM-018,SAVINGS,2025-05-06 09:00:00
ACC-NORM-052,CUST-NORM-020,CURRENT,2026-03-29 09:00:00
ACC-NORM-053,CUST-NORM-054,SAVINGS,2024-11-24 09:00:00
ACC-NORM-054,CUST-NORM-060,SAVINGS,2025-11-03 09:00:00
ACC-NORM-055,CUST-NORM-054,SAVINGS,2024-04-05 09:00:00
ACC-NORM-056,CUST-NORM-075,BUSINESS,2026-05-13 09:00:00
ACC-NORM-057,CUST-NORM-074,SAVINGS,2026-05-27 09:00:00
ACC-NORM-058,CUST-NORM-046,SAVINGS,2025-04-29 09:00:00
ACC-NORM-059,CUST-NORM-054,SAVINGS,2024-05-11 09:00:00
ACC-NORM-060,CUST-NORM-070,CURRENT,2023-11-26 09:00:00
ACC-NORM-061,CUST-NORM-029,SAVINGS,2025-08-27 09:00:00
ACC-NORM-062,CUST-NORM-056,SAVINGS,2025-04-30 09:00:00
ACC-NORM-063,CUST-NORM-044,CURRENT,2024-03-07 09:00:00
ACC-NORM-064,CUST-NORM-052,CURRENT,2024-01-24 09:00:00
ACC-NORM-065,CUST-NORM-060,BUSINESS,2024-09-03 09:00:00
ACC-NORM-066,CUST-NORM-069,SAVINGS,2025-04-25 09:00:00
ACC-NORM-067,CUST-NORM-076,CURRENT,2026-05-06 09:00:00
ACC-NORM-068,CUST-NORM-011,CURRENT,2026-01-15 09:00:00
ACC-NORM-069,CUST-NORM-060,SAVINGS,2025-09-09 09:00:00
ACC-NORM-070,CUST-NORM-049,SAVINGS,2025-02-22 09:00:00
ACC-NORM-071,CUST-NORM-042,SAVINGS,2023-12-15 09:00:00
ACC-NORM-072,CUST-NORM-049,SAVINGS,2024-02-02 09:00:00
ACC-NORM-073,CUST-NORM-054,SAVINGS,2026-03-11 09:00:00
ACC-NORM-074,CUST-NORM-061,SAVINGS,2024-11-27 09:00:00
ACC-NORM-075,CUST-NORM-007,BUSINESS,2025-06-09 09:00:00
ACC-NORM-076,CUST-NORM-029,CURRENT,2024-03-25 09:00:00
ACC-NORM-077,CUST-NORM-006,CURRENT,2025-09-22 09:00:00
ACC-NORM-078,CUST-NORM-026,CURRENT,2024-09-04 09:00:00
ACC-NORM-079,CUST-NORM-020,SAVINGS,2025-02-03 09:00:00
ACC-NORM-080,CUST-NORM-015,CURRENT,2025-10-22 09:00:00
ACC-NORM-081,CUST-NORM-060,CURRENT,2024-04-08 09:00:00
ACC-NORM-082,CUST-NORM-048,SAVINGS,2024-09-19 09:00:00
ACC-NORM-083,CUST-NORM-015,CURRENT,2025-12-17 09:00:00
ACC-NORM-084,CUST-NORM-040,SAVINGS,2026-05-07 09:00:00
ACC-NORM-085,CUST-NORM-040,CURRENT,2023-11-16 09:00:00
ACC-NORM-086,CUST-NORM-049,SAVINGS,2024-05-31 09:00:00
ACC-NORM-087,CUST-NORM-026,SAVINGS,2024-06-25 09:00:00
ACC-NORM-088,CUST-NORM-032,SAVINGS,2024-04-02 09:00:00
ACC-NORM-089,CUST-NORM-039,BUSINESS,2024-09-26 09:00:00
ACC-NORM-090,CUST-NORM-016,CURRENT,2024-10-31 09:00:00
ACC-NORM-091,CUST-NORM-006,SAVINGS,2025-03-21 09:00:00
ACC-NORM-092,CUST-NORM-048,SAVINGS,2024-08-08 09:00:00
ACC-NORM-093,CUST-NORM-044,SAVINGS,2025-03-29 09:00:00
ACC-NORM-094,CUST-NORM-063,SAVINGS,2025-05-28 09:00:00
ACC-NORM-095,CUST-NORM-059,CURRENT,2025-03-14 09:00:00
ACC-NORM-096,CUST-NORM-023,CURRENT,2024-08-05 09:00:00
ACC-NORM-097,CUST-NORM-035,CURRENT,2024-11-28 09:00:00
ACC-NORM-098,CUST-NORM-062,SAVINGS,2024-02-08 09:00:00
ACC-NORM-099,CUST-NORM-076,SAVINGS,2024-01-12 09:00:00
ACC-NORM-100,CUST-NORM-032,CURRENT,2026-03-06 09:00:00
ACC-NORM-101,CUST-NORM-036,BUSINESS,2025-09-26 09:00:00
ACC-NORM-102,CUST-NORM-060,CURRENT,2024-07-18 09:00:00
ACC-NORM-103,CUST-NORM-049,SAVINGS,2025-01-12 09:00:00
ACC-NORM-104,CUST-NORM-042,SAVINGS,2025-10-28 09:00:00
ACC-NORM-105,CUST-NORM-046,CURRENT,2025-06-19 09:00:00
ACC-NORM-106,CUST-NORM-036,BUSINESS,2024-06-14 09:00:00
ACC-NORM-107,CUST-NORM-036,CURRENT,2024-12-20 09:00:00
ACC-NORM-108,CUST-NORM-025,SAVINGS,2024-05-26 09:00:00
ACC-NORM-109,CUST-NORM-053,SAVINGS,2024-04-17 09:00:00
ACC-NORM-110,CUST-NORM-031,CURRENT,2024-08-10 09:00:00
ACC-NORM-111,CUST-NORM-063,SAVINGS,2026-05-16 09:00:00
ACC-NORM-112,CUST-NORM-012,SAVINGS,2025-04-14 09:00:00
ACC-NORM-113,CUST-NORM-032,SAVINGS,2024-10-15 09:00:00
ACC-NORM-114,CUST-NORM-048,SAVINGS,2024-12-06 09:00:00
ACC-NORM-115,CUST-NORM-045,SAVINGS,2024-04-30 09:00:00
ACC-NORM-116,CUST-NORM-071,SAVINGS,2024-06-13 09:00:00
ACC-NORM-117,CUST-NORM-059,SAVINGS,2025-09-18 09:00:00
ACC-NORM-118,CUST-NORM-030,SAVINGS,2025-11-17 09:00:00
ACC-NORM-119,CUST-NORM-041,SAVINGS,2024-12-01 09:00:00
ACC-NORM-120,CUST-NORM-024,SAVINGS,2024-05-07 09:00:00
ACC-SUSP-RAPID01,CUST-SUSP-01,CURRENT,2026-01-10 10:00:00
ACC-SUSP-HIVAL01,CUST-SUSP-02,BUSINESS,2025-11-04 11:30:00
ACC-SUSP-STRUCT01,CUST-SUSP-03,CURRENT,2026-02-14 09:00:00
ACC-SUSP-FANIN01,CUST-SUSP-04,SAVINGS,2026-03-01 12:00:00
ACC-SUSP-FANOUT01,CUST-SUSP-05,BUSINESS,2025-10-15 14:00:00
ACC-SUSP-BURST01,CUST-SUSP-06,CURRENT,2026-03-20 16:00:00
ACC-SUSP-CHAIN01,CUST-SUSP-07,BUSINESS,2025-09-01 10:00:00
ACC-SUSP-CHAIN02,CUST-SUSP-07,BUSINESS,2025-09-01 10:00:00
ACC-SUSP-CHAIN03,CUST-SUSP-07,BUSINESS,2025-09-01 10:00:00
