transaction_id,sender_account,receiver_account,amount,timestamp,transaction_type
TX-00001,ACC-NORM-062,ACC-NORM-036,1759.9,2026-08-25 03:48:33,RTGS
TX-00002,ACC-NORM-023,ACC-NORM-039,956.26,2026-08-02 07:34:08,NEFT
TX-00003,ACC-NORM-082,ACC-NORM-112,622.37,2026-08-26 00:06:55,WIRE_TRANSFER
TX-00004,ACC-NORM-033,ACC-NORM-111,533.38,2026-08-16 12:52:04,WIRE_TRANSFER
TX-00005,ACC-NORM-020,ACC-NORM-104,1893.01,2026-08-19 18:05:15,NEFT
TX-00006,ACC-NORM-100,ACC-NORM-067,241.33,2026-08-13 23:58:28,UPI
TX-00007,ACC-NORM-040,ACC-NORM-073,945.19,2026-08-20 10:39:47,WIRE_TRANSFER
TX-00008,ACC-NORM-021,ACC-NORM-031,873.48,2026-08-07 02:04:10,NEFT
TX-00009,ACC-NORM-037,ACC-NORM-091,210.27,2026-08-11 07:55:29,RTGS
TX-00010,ACC-NORM-101,ACC-NORM-102,3143.24,2026-08-22 03:42:51,ACH
TX-00011,ACC-NORM-029,ACC-NORM-083,137.33,2026-08-05 17:52:09,ACH
TX-00012,ACC-NORM-118,ACC-NORM-037,338.66,2026-08-15 12:29:44,RTGS
TX-00013,ACC-NORM-065,ACC-NORM-070,125.49,2026-08-16 23:05:38,RTGS
TX-00014,ACC-NORM-078,ACC-NORM-033,3388.33,2026-08-01 11:14:43,WIRE_TRANSFER
TX-00015,ACC-NORM-098,ACC-NORM-087,1282.66,2026-08-27 17:36:02,ACH
TX-00016,ACC-NORM-084,ACC-NORM-057,326.83,2026-08-30 17:11:37,WIRE_TRANSFER
TX-00017,ACC-NORM-061,ACC-NORM-045,252.15,2026-08-14 19:20:42,UPI
TX-00018,ACC-NORM-089,ACC-NORM-064,213.93,2026-08-11 06:25:52,WIRE_TRANSFER
TX-00019,ACC-NORM-099,ACC-NORM-052,1352.32,2026-08-29 01:52:00,UPI
TX-00020,ACC-NORM-007,ACC-NORM-025,661.45,2026-08-17 20:39:48,WIRE_TRANSFER
TX-00021,ACC-NORM-027,ACC-NORM-035,436.07,2026-08-18 13:59:18,WIRE_TRANSFER
TX-00022,ACC-NORM-004,ACC-NORM-081,520.97,2026-08-20 16:45:10,WIRE_TRANSFER
TX-00023,ACC-NORM-060,ACC-NORM-016,1649.0,2026-08-21 13:31:59,RTGS
TX-00024,ACC-NORM-054,ACC-NORM-107,789.35,2026-08-17 00:15:29,ACH
TX-00025,ACC-NORM-066,ACC-NORM-096,74.18,2026-08-29 13:55:04,UPI
TX-00026,ACC-NORM-044,ACC-NORM-120,3476.7,2026-08-27 01:17:52,UPI
TX-00027,ACC-NORM-111,ACC-NORM-020,155.29,2026-08-16 02:30:22,UPI
TX-00028,ACC-NORM-059,ACC-NORM-120,806.62,2026-08-11 15:44:15,UPI
TX-00029,ACC-NORM-006,ACC-NORM-041,1889.81,2026-08-25 00:45:58,NEFT
TX-00030,ACC-NORM-064,ACC-NORM-005,513.25,2026-08-06 01:37:21,UPI
TX-00031,ACC-NORM-002,ACC-NORM-093,1463.43,2026-08-05 22:55:41,ACH
TX-00032,ACC-NORM-089,ACC-NORM-051,463.37,2026-08-21 11:54:21,UPI
TX-00033,ACC-NORM-112,ACC-NORM-070,20227.82,2026-08-03 04:04:15,NEFT
TX-00034,ACC-NORM-096,ACC-NORM-012,1060.65,2026-08-14 12:48:40,NEFT
TX-00035,ACC-NORM-089,ACC-NORM-039,1576.17,2026-08-29 09:02:20,RTGS
TX-00036,ACC-NORM-056,ACC-NORM-019,1049.9,2026-08-09 01:26:36,NEFT
TX-00037,ACC-NORM-011,ACC-NORM-079,170.13,2026-08-28 21:39:43,RTGS
TX-00038,ACC-NORM-059,ACC-NORM-033,601.6,2026-08-22 09:57:51,ACH
TX-00039,ACC-NORM-021,ACC-NORM-010,1093.17,2026-08-15 20:37:19,RTGS
TX-00040,ACC-NORM-059,ACC-NORM-109,635.67,2026-08-10 15:24:54,ACH
TX-00041,ACC-NORM-046,ACC-NORM-074,228.25,2026-08-11 07:18:01,WIRE_TRANSFER
TX-00042,ACC-NORM-117,ACC-NORM-078,50.0,2026-08-25 00:53:57,NEFT
TX-00043,ACC-NORM-082,ACC-NORM-025,2526.19,2026-08-20 17:43:48,NEFT
TX-00044,ACC-NORM-081,ACC-NORM-013,329.17,2026-08-30 05:41:02,ACH
TX-00045,ACC-NORM-047,ACC-NORM-094,361.29,2026-08-05 11:58:18,NEFT
TX-00046,ACC-NORM-017,ACC-NORM-101,50.0,2026-08-18 20:33:32,UPI
TX-00047,ACC-NORM-104,ACC-NORM-038,619.86,2026-08-24 19:51:07,NEFT
TX-00048,ACC-NORM-111,ACC-NORM-087,1787.66,2026-08-25 06:25:54,UPI
TX-00049,ACC-NORM-002,ACC-NORM-034,1970.13,2026-08-18 12:29:23,ACH
TX-00050,ACC-NORM-049,ACC-NORM-106,4037.95,2026-08-21 20:06:43,ACH
TX-00051,ACC-NORM-029,ACC-NORM-083,2225.53,2026-08-04 05:52:29,UPI
TX-00052,ACC-NORM-015,ACC-NORM-018,236.81,2026-08-02 10:19:31,ACH
TX-00053,ACC-NORM-018,ACC-NORM-050,1603.09,2026-08-15 20:42:47,ACH
TX-00054,ACC-NORM-096,ACC-NORM-094,3973.16,2026-08-05 22:41:06,RTGS
TX-00055,ACC-NORM-005,ACC-NORM-089,41410.45,2026-08-12 15:28:28,RTGS
TX-00056,ACC-NORM-008,ACC-NORM-051,1386.79,2026-08-09 15:07:54,NEFT
TX-00057,ACC-NORM-083,ACC-NORM-082,1398.72,2026-08-20 09:03:50,ACH
TX-00058,ACC-NORM-027,ACC-NORM-076,286.93,2026-08-07 16:21:49,RTGS
TX-00059,ACC-NORM-103,ACC-NORM-023,204.16,2026-08-05 06:55:01,NEFT
TX-00060,ACC-NORM-076,ACC-NORM-042,176.45,2026-08-01 14:16:03,WIRE_TRANSFER
TX-00061,ACC-NORM-096,ACC-NORM-009,685.8,2026-08-16 23:49:23,ACH
TX-00062,ACC-NORM-029,ACC-NORM-079,3225.0,2026-08-03 08:50:58,UPI
TX-00063,ACC-NORM-083,ACC-NORM-004,561.08,2026-08-03 00:54:25,UPI
TX-00064,ACC-NORM-010,ACC-NORM-116,193.78,2026-08-03 19:38:09,ACH
TX-00065,ACC-NORM-071,ACC-NORM-092,283.17,2026-08-11 21:38:33,UPI
TX-00066,ACC-NORM-013,ACC-NORM-102,2552.24,2026-08-23 12:54:41,NEFT
TX-00067,ACC-NORM-056,ACC-NORM-058,2040.64,2026-08-29 16:26:21,WIRE_TRANSFER
TX-00068,ACC-NORM-041,ACC-NORM-055,627.48,2026-08-12 06:16:23,WIRE_TRANSFER
TX-00069,ACC-NORM-012,ACC-NORM-056,2826.36,2026-08-05 08:47:23,ACH
TX-00070,ACC-NORM-072,ACC-NORM-043,100.98,2026-08-22 12:26:22,WIRE_TRANSFER
TX-00071,ACC-NORM-037,ACC-NORM-077,677.26,2026-08-10 20:06:36,UPI
TX-00072,ACC-NORM-029,ACC-NORM-109,210.93,2026-08-04 20:54:35,ACH
TX-00073,ACC-NORM-029,ACC-NORM-104,1437.95,2026-08-15 02:49:52,ACH
TX-00074,ACC-NORM-004,ACC-NORM-078,370.88,2026-08-31 06:53:44,RTGS
TX-00075,ACC-NORM-118,ACC-NORM-044,78.0,2026-08-12 09:11:55,WIRE_TRANSFER
TX-00076,ACC-NORM-019,ACC-NORM-095,735.53,2026-08-21 09:05:47,UPI
TX-00077,ACC-NORM-044,ACC-NORM-021,2484.88,2026-08-12 18:46:20,WIRE_TRANSFER
TX-00078,ACC-NORM-114,ACC-NORM-007,542.77,2026-08-05 14:48:39,ACH
TX-00079,ACC-NORM-057,ACC-NORM-054,164.92,2026-08-09 15:48:32,RTGS
TX-00080,ACC-NORM-087,ACC-NORM-076,141.53,2026-08-17 01:42:19,ACH
TX-00081,ACC-NORM-008,ACC-NORM-001,243.93,2026-08-07 18:13:49,RTGS
TX-00082,ACC-NORM-016,ACC-NORM-001,129.91,2026-08-17 08:27:11,NEFT
TX-00083,ACC-NORM-065,ACC-NORM-072,958.71,2026-08-28 06:51:22,UPI
TX-00084,ACC-NORM-038,ACC-NORM-015,3375.79,2026-08-13 09:20:10,RTGS
TX-00085,ACC-NORM-012,ACC-NORM-056,976.84,2026-08-28 12:15:27,UPI
TX-00086,ACC-NORM-112,ACC-NORM-040,1239.07,2026-08-24 19:14:21,WIRE_TRANSFER
TX-00087,ACC-NORM-068,ACC-NORM-066,362.19,2026-08-07 20:22:46,NEFT
TX-00088,ACC-NORM-098,ACC-NORM-084,633.13,2026-08-03 14:49:40,ACH
TX-00089,ACC-NORM-058,ACC-NORM-088,2921.67,2026-08-31 03:41:40,RTGS
TX-00090,ACC-NORM-020,ACC-NORM-057,380.07,2026-08-04 00:28:40,WIRE_TRANSFER
TX-00091,ACC-NORM-046,ACC-NORM-065,147.24,2026-08-03 18:29:28,RTGS
TX-00092,ACC-NORM-010,ACC-NORM-083,683.4,2026-08-28 11:39:38,ACH
TX-00093,ACC-NORM-102,ACC-NORM-095,4154.28,2026-08-29 10:28:58,RTGS
TX-00094,ACC-NORM-078,ACC-NORM-061,215.25,2026-08-17 13:03:28,ACH
TX-00095,ACC-NORM-083,ACC-NORM-023,948.96,2026-08-02 16:45:28,RTGS
TX-00096,ACC-NORM-050,ACC-NORM-053,400.29,2026-08-25 19:43:38,ACH
TX-00097,ACC-NORM-087,ACC-NORM-050,20771.88,2026-08-10 17:46:54,NEFT
TX-00098,ACC-NORM-043,ACC-NORM-011,1302.43,2026-08-20 06:09:58,ACH
TX-00099,ACC-NORM-091,ACC-NORM-011,5153.88,2026-08-11 02:24:41,ACH
TX-00100,ACC-NORM-012,ACC-NORM-083,158.38,2026-08-22 22:32:23,NEFT
TX-00101,ACC-NORM-044,ACC-NORM-099,242.57,2026-08-16 15:14:08,WIRE_TRANSFER
TX-00102,ACC-NORM-065,ACC-NORM-099,158.41,2026-08-19 08:56:33,ACH
TX-00103,ACC-NORM-017,ACC-NORM-077,1425.7,2026-08-13 13:10:11,UPI
TX-00104,ACC-NORM-006,ACC-NORM-053,7355.81,2026-08-13 06:46:15,NEFT
TX-00105,ACC-NORM-069,ACC-NORM-031,93.87,2026-08-11 00:57:53,ACH
TX-00106,ACC-NORM-057,ACC-NORM-060,672.02,2026-08-25 18:49:24,NEFT
TX-00107,ACC-NORM-105,ACC-NORM-026,158.49,2026-08-27 04:08:55,RTGS
TX-00108,ACC-NORM-071,ACC-NORM-120,1828.35,2026-08-05 07:54:33,NEFT
TX-00109,ACC-NORM-035,ACC-NORM-058,60.21,2026-08-30 01:09:53,NEFT
TX-00110,ACC-NORM-105,ACC-NORM-058,497.56,2026-08-29 20:59:01,RTGS
TX-00111,ACC-NORM-031,ACC-NORM-050,439.52,2026-08-03 20:14:01,RTGS
TX-00112,ACC-NORM-102,ACC-NORM-019,6208.13,2026-08-05 10:18:58,NEFT
TX-00113,ACC-NORM-098,ACC-NORM-091,334.2,2026-08-16 23:39:00,ACH
TX-00114,ACC-NORM-068,ACC-NORM-055,239.32,2026-08-04 18:15:19,ACH
TX-00115,ACC-NORM-059,ACC-NORM-009,357.7,2026-08-05 00:38:34,UPI
TX-00116,ACC-NORM-001,ACC-NORM-079,95.57,2026-08-12 16:36:26,ACH
TX-00117,ACC-NORM-047,ACC-NORM-009,2202.82,2026-09-01 01:34:32,WIRE_TRANSFER
TX-00118,ACC-NORM-050,ACC-NORM-112,201.07,2026-08-16 10:40:24,WIRE_TRANSFER
TX-00119,ACC-NORM-099,ACC-NORM-075,420.02,2026-08-24 19:08:02,NEFT
TX-00120,ACC-NORM-107,ACC-NORM-100,2803.68,2026-08-22 23:44:30,WIRE_TRANSFER
TX-00121,ACC-NORM-092,ACC-NORM-100,50.0,2026-08-31 23:02:18,WIRE_TRANSFER
TX-00122,ACC-NORM-041,ACC-NORM-120,748.92,2026-08-11 01:25:52,NEFT
TX-00123,ACC-NORM-037,ACC-NORM-046,448.0,2026-08-28 10:55:41,RTGS
TX-00124,ACC-NORM-056,ACC-NORM-114,2756.58,2026-08-14 08:28:57,NEFT
TX-00125,ACC-NORM-064,ACC-NORM-089,812.04,2026-08-16 20:59:51,UPI
TX-00126,ACC-NORM-011,ACC-NORM-056,445.82,2026-08-20 14:34:18,RTGS
TX-00127,ACC-NORM-040,ACC-NORM-058,1214.93,2026-08-21 07:27:10,WIRE_TRANSFER
TX-00128,ACC-NORM-094,ACC-NORM-112,1037.56,2026-08-30 20:39:27,NEFT
TX-00129,ACC-NORM-004,ACC-NORM-019,574.98,2026-08-29 04:43:50,NEFT
TX-00130,ACC-NORM-100,ACC-NORM-083,564.6,2026-08-12 20:24:36,UPI
TX-00131,ACC-NORM-098,ACC-NORM-010,365.41,2026-08-19 13:33:23,NEFT
TX-00132,ACC-NORM-015,ACC-NORM-004,391.2,2026-08-24 14:31:33,RTGS
TX-00133,ACC-NORM-100,ACC-NORM-034,651.55,2026-08-23 23:13:39,WIRE_TRANSFER
TX-00134,ACC-NORM-058,ACC-NORM-023,1734.7,2026-08-30 07:28:05,RTGS
TX-00135,ACC-NORM-115,ACC-NORM-039,2277.38,2026-08-28 14:45:45,WIRE_TRANSFER
TX-00136,ACC-NORM-026,ACC-NORM-102,168.26,2026-08-05 16:50:31,ACH
TX-00137,ACC-NORM-017,ACC-NORM-079,317.14,2026-08-29 11:04:19,UPI
TX-00138,ACC-NORM-068,ACC-NORM-053,1133.14,2026-08-25 22:52:36,ACH
TX-00139,ACC-NORM-045,ACC-NORM-017,140.67,2026-08-30 02:40:37,WIRE_TRANSFER
TX-00140,ACC-NORM-107,ACC-NORM-016,702.28,2026-08-17 13:19:10,WIRE_TRANSFER
TX-00141,ACC-NORM-033,ACC-NORM-026,1296.62,2026-08-22 02:17:08,WIRE_TRANSFER
TX-00142,ACC-NORM-065,ACC-NORM-083,109.67,2026-08-07 03:37:09,ACH
TX-00143,ACC-NORM-044,ACC-NORM-108,360.0,2026-08-31 03:02:52,ACH
TX-00144,ACC-NORM-054,ACC-NORM-080,961.54,2026-08-21 09:31:56,RTGS
TX-00145,ACC-NORM-062,ACC-NORM-032,489.25,2026-08-27 06:25:19,NEFT
TX-00146,ACC-NORM-057,ACC-NORM-054,915.45,2026-08-16 23:13:21,RTGS
TX-00147,ACC-NORM-094,ACC-NORM-111,362.13,2026-08-12 21:08:48,RTGS
TX-00148,ACC-NORM-031,ACC-NORM-060,311.21,2026-08-04 17:28:15,ACH
TX-00149,ACC-NORM-060,ACC-NORM-064,165.52,2026-08-29 18:31:01,UPI
TX-00150,ACC-NORM-031,ACC-NORM-028,217.38,2026-08-19 20:03:03,UPI
TX-00151,ACC-NORM-037,ACC-NORM-069,1566.62,2026-08-01 12:27:08,UPI
TX-00152,ACC-NORM-007,ACC-NORM-073,327.28,2026-08-18 15:23:35,UPI
TX-00153,ACC-NORM-098,ACC-NORM-071,229.32,2026-08-10 04:43:39,RTGS
TX-00154,ACC-NORM-072,ACC-NORM-047,690.6,2026-08-25 13:12:38,WIRE_TRANSFER
TX-00155,ACC-NORM-005,ACC-NORM-018,696.99,2026-08-23 19:51:30,ACH
TX-00156,ACC-NORM-018,ACC-NORM-042,374.42,2026-08-31 04:20:10,RTGS
TX-00157,ACC-NORM-076,ACC-NORM-044,1228.69,2026-08-18 01:34:31,WIRE_TRANSFER
TX-00158,ACC-NORM-048,ACC-NORM-043,5251.05,2026-08-22 12:26:37,ACH
TX-00159,ACC-NORM-061,ACC-NORM-034,819.86,2026-09-01 05:50:49,WIRE_TRANSFER
TX-00160,ACC-NORM-075,ACC-NORM-062,3139.74,2026-08-07 01:40:46,NEFT
TX-00161,ACC-NORM-106,ACC-NORM-088,423.27,2026-08-08 10:36:44,NEFT
TX-00162,ACC-NORM-053,ACC-NORM-065,272.43,2026-08-26 04:58:30,UPI
TX-00163,ACC-NORM-068,ACC-NORM-049,773.02,2026-08-11 14:29:58,RTGS
TX-00164,ACC-NORM-079,ACC-NORM-062,2596.06,2026-08-07 16:17:35,UPI
TX-00165,ACC-NORM-041,ACC-NORM-062,1536.13,2026-08-13 02:59:59,WIRE_TRANSFER
TX-00166,ACC-NORM-074,ACC-NORM-087,1609.68,2026-08-18 21:57:25,RTGS
TX-00167,ACC-NORM-092,ACC-NORM-011,1271.31,2026-08-12 23:41:16,ACH
TX-00168,ACC-NORM-035,ACC-NORM-120,1953.2,2026-08-19 07:17:08,NEFT
TX-00169,ACC-NORM-007,ACC-NORM-013,2949.56,2026-08-14 19:45:30,UPI
TX-00170,ACC-NORM-062,ACC-NORM-084,17368.99,2026-08-07 18:20:18,WIRE_TRANSFER
TX-00171,ACC-NORM-084,ACC-NORM-074,2952.83,2026-08-09 02:47:46,NEFT
TX-00172,ACC-NORM-120,ACC-NORM-118,50.76,2026-08-02 21:50:31,RTGS
TX-00173,ACC-NORM-113,ACC-NORM-005,793.25,2026-08-01 18:36:38,NEFT
TX-00174,ACC-NORM-109,ACC-NORM-065,256.69,2026-08-15 17:12:51,UPI
TX-00175,ACC-NORM-083,ACC-NORM-033,413.37,2026-08-23 14:00:47,NEFT
TX-00176,ACC-NORM-023,ACC-NORM-079,2667.1,2026-08-29 05:57:25,WIRE_TRANSFER
TX-00177,ACC-NORM-052,ACC-NORM-086,410.38,2026-08-04 14:08:30,RTGS
TX-00178,ACC-NORM-050,ACC-NORM-031,989.74,2026-08-15 17:21:19,RTGS
TX-00179,ACC-NORM-084,ACC-NORM-047,214.05,2026-08-23 16:03:42,UPI
TX-00180,ACC-NORM-088,ACC-NORM-065,1967.03,2026-08-31 07:49:19,RTGS
TX-00181,ACC-NORM-048,ACC-NORM-079,965.49,2026-08-08 16:08:30,ACH
TX-00182,ACC-NORM-117,ACC-NORM-061,11100.21,2026-08-26 02:51:42,ACH
TX-00183,ACC-NORM-112,ACC-NORM-101,1048.4,2026-08-04 01:28:33,ACH
TX-00184,ACC-NORM-015,ACC-NORM-008,177.09,2026-08-28 02:57:32,NEFT
TX-00185,ACC-NORM-042,ACC-NORM-110,155.26,2026-08-17 23:07:43,WIRE_TRANSFER
TX-00186,ACC-NORM-116,ACC-NORM-066,699.39,2026-08-15 10:29:08,WIRE_TRANSFER
TX-00187,ACC-NORM-072,ACC-NORM-060,207.05,2026-08-22 18:46:01,NEFT
TX-00188,ACC-NORM-075,ACC-NORM-010,295.28,2026-08-02 22:22:44,UPI
TX-00189,ACC-NORM-048,ACC-NORM-115,2543.26,2026-08-13 23:55:58,ACH
TX-00190,ACC-NORM-018,ACC-NORM-084,3539.16,2026-08-28 20:07:11,NEFT
TX-00191,ACC-NORM-094,ACC-NORM-029,4164.48,2026-08-27 09:48:01,ACH
TX-00192,ACC-NORM-055,ACC-NORM-069,429.57,2026-08-13 16:15:29,WIRE_TRANSFER
TX-00193,ACC-NORM-005,ACC-NORM-104,375.26,2026-08-22 22:39:49,ACH
TX-00194,ACC-NORM-005,ACC-NORM-058,511.44,2026-08-21 06:45:55,NEFT
TX-00195,ACC-NORM-097,ACC-NORM-111,5025.32,2026-08-25 10:08:32,ACH
TX-00196,ACC-NORM-077,ACC-NORM-099,716.66,2026-08-22 19:15:19,RTGS
TX-00197,ACC-NORM-008,ACC-NORM-072,6408.84,2026-09-01 03:56:47,UPI
TX-00198,ACC-NORM-072,ACC-NORM-064,397.63,2026-08-02 20:41:42,UPI
TX-00199,ACC-NORM-053,ACC-NORM-020,737.21,2026-08-10 21:11:48,NEFT
TX-00200,ACC-NORM-039,ACC-NORM-110,4679.91,2026-08-23 13:51:29,UPI
TX-00201,ACC-NORM-072,ACC-NORM-068,118.08,2026-08-05 21:15:16,UPI
TX-00202,ACC-NORM-109,ACC-NORM-048,278.38,2026-08-04 02:46:53,ACH
TX-00203,ACC-NORM-078,ACC-NORM-006,4694.31,2026-08-28 11:12:51,ACH
TX-00204,ACC-NORM-028,ACC-NORM-062,174.25,2026-08-07 19:19:58,NEFT
TX-00205,ACC-NORM-051,ACC-NORM-118,288.09,2026-08-09 02:20:49,RTGS
TX-00206,ACC-NORM-040,ACC-NORM-034,466.41,2026-08-13 01:56:31,UPI
TX-00207,ACC-NORM-098,ACC-NORM-108,443.63,2026-08-11 15:23:20,NEFT
TX-00208,ACC-NORM-095,ACC-NORM-019,1233.8,2026-08-01 17:35:59,RTGS
TX-00209,ACC-NORM-020,ACC-NORM-026,2619.21,2026-08-11 16:24:36,RTGS
TX-00210,ACC-NORM-033,ACC-NORM-098,1660.39,2026-08-28 00:46:41,RTGS
TX-00211,ACC-NORM-022,ACC-NORM-018,4334.9,2026-08-25 02:31:11,WIRE_TRANSFER
TX-00212,ACC-NORM-068,ACC-NORM-005,88.17,2026-08-27 11:52:42,WIRE_TRANSFER
TX-00213,ACC-NORM-091,ACC-NORM-020,335.95,2026-08-01 15:32:29,ACH
TX-00214,ACC-NORM-117,ACC-NORM-062,744.45,2026-08-23 00:01:00,WIRE_TRANSFER
TX-00215,ACC-NORM-068,ACC-NORM-093,675.26,2026-08-10 02:18:01,UPI
TX-00216,ACC-NORM-104,ACC-NORM-117,710.62,2026-08-06 12:58:06,ACH
TX-00217,ACC-NORM-068,ACC-NORM-033,474.12,2026-08-27 20:17:50,UPI
TX-00218,ACC-NORM-059,ACC-NORM-073,8025.8,2026-08-09 07:14:19,WIRE_TRANSFER
TX-00219,ACC-NORM-012,ACC-NORM-052,171.98,2026-08-13 21:35:30,UPI
TX-00220,ACC-NORM-083,ACC-NORM-101,1658.63,2026-08-12 03:54:06,RTGS
TX-00221,ACC-NORM-006,ACC-NORM-119,4373.36,2026-08-04 06:59:17,WIRE_TRANSFER
TX-00222,ACC-NORM-023,ACC-NORM-119,1370.9,2026-08-28 19:01:13,UPI
TX-00223,ACC-NORM-119,ACC-NORM-010,1655.67,2026-08-10 14:36:15,ACH
TX-00224,ACC-NORM-043,ACC-NORM-050,708.8,2026-08-26 08:08:50,WIRE_TRANSFER
TX-00225,ACC-NORM-013,ACC-NORM-056,260.06,2026-08-08 11:21:38,WIRE_TRANSFER
TX-00226,ACC-NORM-082,ACC-NORM-035,429.22,2026-08-26 23:31:14,UPI
TX-00227,ACC-NORM-011,ACC-NORM-099,1072.68,2026-08-20 18:51:15,NEFT
TX-00228,ACC-NORM-049,ACC-NORM-092,466.18,2026-08-27 05:09:47,WIRE_TRANSFER
TX-00229,ACC-NORM-001,ACC-NORM-040,482.64,2026-08-15 20:48:17,ACH
TX-00230,ACC-NORM-053,ACC-NORM-014,82.75,2026-08-01 11:22:35,RTGS
TX-00231,ACC-NORM-111,ACC-NORM-050,5370.4,2026-08-01 18:26:24,ACH
TX-00232,ACC-NORM-116,ACC-NORM-032,500.14,2026-08-20 01:10:43,RTGS
TX-00233,ACC-NORM-035,ACC-NORM-064,344.25,2026-08-05 11:10:27,WIRE_TRANSFER
TX-00234,ACC-NORM-047,ACC-NORM-033,650.32,2026-08-31 16:46:40,UPI
TX-00235,ACC-NORM-014,ACC-NORM-018,2067.48,2026-08-10 09:25:21,RTGS
TX-00236,ACC-NORM-057,ACC-NORM-043,236.18,2026-08-15 05:38:08,NEFT
TX-00237,ACC-NORM-062,ACC-NORM-041,2482.8,2026-08-06 21:20:18,ACH
TX-00238,ACC-NORM-101,ACC-NORM-032,1680.4,2026-08-11 21:17:52,ACH
TX-00239,ACC-NORM-026,ACC-NORM-076,5970.55,2026-08-18 14:43:49,UPI
TX-00240,ACC-NORM-091,ACC-NORM-027,4261.33,2026-08-15 18:53:44,NEFT
TX-00241,ACC-NORM-082,ACC-NORM-039,5435.63,2026-08-08 17:42:09,WIRE_TRANSFER
TX-00242,ACC-NORM-058,ACC-NORM-077,789.19,2026-08-17 03:25:34,UPI
TX-00243,ACC-NORM-070,ACC-NORM-005,3238.31,2026-08-26 20:44:57,WIRE_TRANSFER
TX-00244,ACC-NORM-014,ACC-NORM-099,112.91,2026-08-09 06:42:22,ACH
TX-00245,ACC-NORM-083,ACC-NORM-087,3580.81,2026-08-21 21:48:21,WIRE_TRANSFER
TX-00246,ACC-NORM-013,ACC-NORM-034,974.81,2026-08-09 01:47:33,NEFT
TX-00247,ACC-NORM-058,ACC-NORM-048,958.23,2026-08-13 23:49:43,RTGS
TX-00248,ACC-NORM-004,ACC-NORM-062,326.69,2026-08-04 18:26:58,NEFT
TX-00249,ACC-NORM-067,ACC-NORM-062,1532.46,2026-08-13 00:06:28,WIRE_TRANSFER
TX-00250,ACC-NORM-039,ACC-NORM-006,5125.41,2026-08-27 07:07:01,NEFT
TX-00251,ACC-NORM-120,ACC-NORM-095,135.7,2026-08-09 01:11:35,UPI
TX-00252,ACC-NORM-030,ACC-NORM-103,1106.84,2026-08-14 05:11:11,WIRE_TRANSFER
TX-00253,ACC-NORM-095,ACC-NORM-079,574.98,2026-08-29 15:28:37,NEFT
TX-00254,ACC-NORM-027,ACC-NORM-036,1705.92,2026-08-26 07:51:50,RTGS
TX-00255,ACC-NORM-026,ACC-NORM-059,352.42,2026-08-04 17:42:55,RTGS
TX-00256,ACC-NORM-077,ACC-NORM-050,87.66,2026-08-20 21:37:07,ACH
TX-00257,ACC-NORM-023,ACC-NORM-105,5448.48,2026-08-23 07:51:19,NEFT
TX-00258,ACC-NORM-041,ACC-NORM-016,490.9,2026-08-08 18:07:11,UPI
TX-00259,ACC-NORM-054,ACC-NORM-077,112.75,2026-08-06 03:24:27,NEFT
TX-00260,ACC-NORM-072,ACC-NORM-022,331.86,2026-08-16 18:08:11,WIRE_TRANSFER
TX-00261,ACC-NORM-111,ACC-NORM-046,240.14,2026-08-31 09:31:08,ACH
TX-00262,ACC-NORM-065,ACC-NORM-084,224.8,2026-08-16 22:43:31,UPI
TX-00263,ACC-NORM-022,ACC-NORM-011,299.97,2026-08-19 09:50:48,UPI
TX-00264,ACC-NORM-073,ACC-NORM-096,141.87,2026-08-26 00:35:32,WIRE_TRANSFER
TX-00265,ACC-NORM-098,ACC-NORM-093,1389.6,2026-08-16 02:13:27,WIRE_TRANSFER
TX-00266,ACC-NORM-058,ACC-NORM-034,50.0,2026-08-12 11:28:55,ACH
TX-00267,ACC-NORM-089,ACC-NORM-045,452.48,2026-08-29 07:39:40,NEFT
TX-00268,ACC-NORM-105,ACC-NORM-027,784.34,2026-08-26 10:36:22,NEFT
TX-00269,ACC-NORM-042,ACC-NORM-091,4527.54,2026-08-10 18:36:17,WIRE_TRANSFER
TX-00270,ACC-NORM-018,ACC-NORM-097,111.55,2026-08-26 22:58:03,NEFT
TX-00271,ACC-NORM-098,ACC-NORM-108,827.13,2026-08-22 21:31:09,UPI
TX-00272,ACC-NORM-049,ACC-NORM-058,1680.69,2026-08-04 05:50:56,RTGS
TX-00273,ACC-NORM-089,ACC-NORM-120,5494.3,2026-08-29 20:29:31,UPI
TX-00274,ACC-NORM-082,ACC-NORM-086,1827.38,2026-08-23 20:54:04,UPI
TX-00275,ACC-NORM-106,ACC-NORM-028,248.61,2026-08-16 17:20:53,NEFT
TX-00276,ACC-NORM-073,ACC-NORM-110,3263.96,2026-08-16 19:57:43,WIRE_TRANSFER
TX-00277,ACC-NORM-016,ACC-NORM-119,92.95,2026-08-28 14:28:29,NEFT
TX-00278,ACC-NORM-113,ACC-NORM-084,486.33,2026-08-10 14:55:59,NEFT
TX-00279,ACC-NORM-007,ACC-NORM-051,1669.98,2026-08-21 18:46:44,WIRE_TRANSFER
TX-00280,ACC-NORM-091,ACC-NORM-013,250.34,2026-08-01 15:30:04,UPI
TX-00281,ACC-NORM-002,ACC-NORM-090,1429.06,2026-08-11 12:55:27,NEFT
TX-00282,ACC-NORM-050,ACC-NORM-012,450.76,2026-08-24 12:06:20,UPI
TX-00283,ACC-NORM-100,ACC-NORM-105,138.93,2026-08-25 13:41:43,WIRE_TRANSFER
TX-00284,ACC-NORM-079,ACC-NORM-084,63.65,2026-08-06 23:22:46,UPI
TX-00285,ACC-NORM-079,ACC-NORM-088,897.28,2026-08-15 15:05:57,UPI
TX-00286,ACC-NORM-041,ACC-NORM-102,97.86,2026-08-05 16:17:41,ACH
TX-00287,ACC-NORM-093,ACC-NORM-078,142.21,2026-08-11 07:01:54,NEFT
TX-00288,ACC-NORM-096,ACC-NORM-051,657.3,2026-08-11 05:03:50,UPI
TX-00289,ACC-NORM-082,ACC-NORM-077,830.34,2026-08-04 01:56:00,NEFT
TX-00290,ACC-NORM-098,ACC-NORM-061,199.01,2026-08-31 11:01:37,WIRE_TRANSFER
TX-00291,ACC-NORM-119,ACC-NORM-008,1130.56,2026-08-31 21:32:18,UPI
TX-00292,ACC-NORM-055,ACC-NORM-090,728.86,2026-08-13 11:40:34,WIRE_TRANSFER
TX-00293,ACC-NORM-040,ACC-NORM-011,752.17,2026-08-17 15:51:09,WIRE_TRANSFER
TX-00294,ACC-NORM-040,ACC-NORM-090,519.71,2026-08-15 08:54:15,ACH
TX-00295,ACC-NORM-008,ACC-NORM-040,657.67,2026-08-23 08:42:47,ACH
TX-00296,ACC-NORM-101,ACC-NORM-106,1585.12,2026-08-24 17:10:23,WIRE_TRANSFER
TX-00297,ACC-NORM-034,ACC-NORM-092,575.86,2026-08-20 05:04:31,UPI
TX-00298,ACC-NORM-110,ACC-NORM-073,997.43,2026-08-06 20:10:16,ACH
TX-00299,ACC-NORM-001,ACC-NORM-006,605.34,2026-08-28 09:15:02,NEFT
TX-00300,ACC-NORM-023,ACC-NORM-120,520.74,2026-08-31 10:35:51,UPI
TX-00301,ACC-NORM-118,ACC-NORM-093,786.22,2026-08-11 17:52:04,WIRE_TRANSFER
TX-00302,ACC-NORM-023,ACC-NORM-029,126.59,2026-08-27 01:02:25,RTGS
TX-00303,ACC-NORM-100,ACC-NORM-109,577.61,2026-08-10 19:05:35,RTGS
TX-00304,ACC-NORM-073,ACC-NORM-101,554.53,2026-08-11 08:39:15,UPI
TX-00305,ACC-NORM-099,ACC-NORM-100,1353.39,2026-08-08 08:57:34,WIRE_TRANSFER
TX-00306,ACC-NORM-120,ACC-NORM-053,1657.31,2026-08-01 16:34:22,WIRE_TRANSFER
TX-00307,ACC-NORM-043,ACC-NORM-001,1349.88,2026-08-26 06:24:54,NEFT
TX-00308,ACC-NORM-068,ACC-NORM-031,1075.35,2026-08-15 00:03:09,NEFT
TX-00309,ACC-NORM-115,ACC-NORM-109,87.77,2026-08-17 22:44:57,UPI
TX-00310,ACC-NORM-085,ACC-NORM-017,98.3,2026-08-08 18:16:54,RTGS
TX-00311,ACC-NORM-041,ACC-NORM-058,571.72,2026-08-09 16:04:12,WIRE_TRANSFER
TX-00312,ACC-NORM-069,ACC-NORM-046,398.81,2026-08-31 15:28:19,WIRE_TRANSFER
TX-00313,ACC-NORM-021,ACC-NORM-104,1014.68,2026-08-22 18:52:45,RTGS
TX-00314,ACC-NORM-019,ACC-NORM-012,724.76,2026-08-23 16:22:25,RTGS
TX-00315,ACC-NORM-105,ACC-NORM-023,859.24,2026-08-01 21:54:28,WIRE_TRANSFER
TX-00316,ACC-NORM-060,ACC-NORM-014,326.04,2026-08-26 13:07:00,UPI
TX-00317,ACC-NORM-048,ACC-NORM-088,5693.46,2026-08-22 05:05:37,WIRE_TRANSFER
TX-00318,ACC-NORM-003,ACC-NORM-009,1834.12,2026-08-08 05:28:51,WIRE_TRANSFER
TX-00319,ACC-NORM-060,ACC-NORM-007,1663.93,2026-08-07 03:27:52,UPI
TX-00320,ACC-NORM-088,ACC-NORM-055,271.97,2026-08-06 20:13:58,NEFT
TX-00321,ACC-NORM-005,ACC-NORM-079,324.62,2026-08-21 04:15:41,ACH
TX-00322,ACC-NORM-062,ACC-NORM-008,417.68,2026-08-03 17:24:08,ACH
TX-00323,ACC-NORM-032,ACC-NORM-081,351.86,2026-08-27 02:50:01,UPI
TX-00324,ACC-NORM-045,ACC-NORM-117,817.26,2026-08-20 01:20:24,RTGS
TX-00325,ACC-NORM-008,ACC-NORM-104,833.27,2026-08-17 01:22:49,NEFT
TX-00326,ACC-NORM-013,ACC-NORM-032,1717.95,2026-08-22 16:17:34,NEFT
TX-00327,ACC-NORM-023,ACC-NORM-031,5493.41,2026-08-19 19:51:47,ACH
TX-00328,ACC-NORM-025,ACC-NORM-108,67.1,2026-08-27 00:34:19,WIRE_TRANSFER
TX-00329,ACC-NORM-068,ACC-NORM-062,328.06,2026-08-01 19:58:39,NEFT
TX-00330,ACC-NORM-118,ACC-NORM-103,57.06,2026-08-28 19:03:01,NEFT
TX-00331,ACC-NORM-100,ACC-NORM-015,3021.72,2026-08-29 01:55:23,UPI
TX-00332,ACC-NORM-076,ACC-NORM-013,463.92,2026-08-11 18:20:08,UPI
TX-00333,ACC-NORM-084,ACC-NORM-041,5304.28,2026-08-07 07:35:44,RTGS
TX-00334,ACC-NORM-029,ACC-NORM-086,1316.6,2026-08-19 14:24:19,NEFT
TX-00335,ACC-NORM-094,ACC-NORM-001,788.28,2026-09-01 07:36:25,RTGS
TX-00336,ACC-NORM-118,ACC-NORM-104,5604.94,2026-09-01 04:14:40,NEFT
TX-00337,ACC-NORM-043,ACC-NORM-096,8320.06,2026-08-03 16:22:20,UPI
TX-00338,ACC-NORM-002,ACC-NORM-034,156.77,2026-08-07 16:44:04,WIRE_TRANSFER
TX-00339,ACC-NORM-007,ACC-NORM-050,3170.66,2026-08-16 08:26:10,UPI
TX-00340,ACC-NORM-045,ACC-NORM-070,2720.82,2026-08-13 12:53:30,NEFT
TX-00341,ACC-NORM-021,ACC-NORM-058,255.54,2026-08-03 10:18:01,ACH
TX-00342,ACC-NORM-115,ACC-NORM-012,641.19,2026-08-12 04:39:57,NEFT
TX-00343,ACC-NORM-078,ACC-NORM-114,437.53,2026-08-14 14:03:06,ACH
TX-00344,ACC-NORM-034,ACC-NORM-085,76.32,2026-08-10 18:15:06,UPI
TX-00345,ACC-NORM-020,ACC-NORM-007,190.3,2026-08-12 09:27:05,ACH
TX-00346,ACC-NORM-062,ACC-NORM-026,625.46,2026-08-04 09:13:10,UPI
TX-00347,ACC-NORM-061,ACC-NORM-063,1071.53,2026-08-30 06:16:05,RTGS
TX-00348,ACC-NORM-114,ACC-NORM-049,267.49,2026-08-12 14:28:02,NEFT
TX-00349,ACC-NORM-108,ACC-NORM-035,1040.82,2026-08-19 10:09:48,RTGS
TX-00350,ACC-NORM-104,ACC-NORM-070,152.23,2026-08-15 03:14:35,ACH
TX-00351,ACC-NORM-054,ACC-NORM-069,306.07,2026-08-23 00:36:56,UPI
TX-00352,ACC-NORM-116,ACC-NORM-110,1741.46,2026-08-23 10:32:36,WIRE_TRANSFER
TX-00353,ACC-NORM-097,ACC-NORM-058,111.05,2026-08-06 14:13:51,RTGS
TX-00354,ACC-NORM-117,ACC-NORM-094,861.81,2026-08-30 11:05:24,RTGS
TX-00355,ACC-NORM-067,ACC-NORM-059,1130.71,2026-08-30 09:50:44,UPI
TX-00356,ACC-NORM-015,ACC-NORM-054,9759.21,2026-08-05 13:36:37,ACH
TX-00357,ACC-NORM-113,ACC-NORM-045,1400.45,2026-08-29 22:16:24,UPI
TX-00358,ACC-NORM-005,ACC-NORM-023,1380.47,2026-08-09 21:09:39,WIRE_TRANSFER
TX-00359,ACC-NORM-051,ACC-NORM-114,113.52,2026-08-29 19:44:15,RTGS
TX-00360,ACC-NORM-115,ACC-NORM-048,378.65,2026-08-01 19:52:50,UPI
TX-00361,ACC-NORM-110,ACC-NORM-090,339.55,2026-08-22 12:55:14,RTGS
TX-00362,ACC-NORM-094,ACC-NORM-054,166.33,2026-08-21 05:05:12,UPI
TX-00363,ACC-NORM-095,ACC-NORM-063,2600.22,2026-08-26 01:55:23,NEFT
TX-00364,ACC-NORM-009,ACC-NORM-040,2239.31,2026-08-24 01:25:08,ACH
TX-00365,ACC-NORM-004,ACC-NORM-023,257.55,2026-08-07 15:53:03,RTGS
TX-00366,ACC-NORM-091,ACC-NORM-026,684.68,2026-08-09 20:52:29,WIRE_TRANSFER
TX-00367,ACC-NORM-088,ACC-NORM-004,50.0,2026-08-08 20:31:38,UPI
TX-00368,ACC-NORM-076,ACC-NORM-071,1145.72,2026-08-12 20:10:53,UPI
TX-00369,ACC-NORM-007,ACC-NORM-021,5350.0,2026-08-29 03:49:13,NEFT
TX-00370,ACC-NORM-035,ACC-NORM-084,7963.94,2026-08-15 01:01:55,WIRE_TRANSFER
TX-00371,ACC-NORM-061,ACC-NORM-117,1477.23,2026-08-06 05:11:38,ACH
TX-00372,ACC-NORM-104,ACC-NORM-040,517.21,2026-08-24 07:41:17,RTGS
TX-00373,ACC-NORM-059,ACC-NORM-033,744.62,2026-08-07 23:19:43,ACH
TX-00374,ACC-NORM-014,ACC-NORM-001,319.2,2026-08-18 06:53:53,ACH
TX-00375,ACC-NORM-037,ACC-NORM-039,417.45,2026-08-22 12:30:04,RTGS
TX-00376,ACC-NORM-111,ACC-NORM-036,976.7,2026-08-10 05:45:57,ACH
TX-00377,ACC-NORM-098,ACC-NORM-031,3153.5,2026-08-29 10:51:54,RTGS
TX-00378,ACC-NORM-088,ACC-NORM-018,505.7,2026-08-24 09:41:31,WIRE_TRANSFER
TX-00379,ACC-NORM-075,ACC-NORM-091,2698.09,2026-08-19 15:21:46,UPI
TX-00380,ACC-NORM-117,ACC-NORM-086,91.45,2026-08-13 01:19:54,ACH
TX-00381,ACC-NORM-024,ACC-NORM-038,50.0,2026-08-05 00:08:47,NEFT
TX-00382,ACC-NORM-088,ACC-NORM-116,207.54,2026-08-12 05:05:14,RTGS
TX-00383,ACC-NORM-054,ACC-NORM-101,923.81,2026-08-29 19:23:16,WIRE_TRANSFER
TX-00384,ACC-NORM-061,ACC-NORM-007,3310.66,2026-08-29 05:37:37,UPI
TX-00385,ACC-NORM-068,ACC-NORM-039,442.41,2026-08-14 10:55:54,UPI
TX-00386,ACC-NORM-036,ACC-NORM-027,1288.86,2026-08-25 14:36:48,UPI
TX-00387,ACC-NORM-082,ACC-NORM-055,709.85,2026-08-13 22:30:24,WIRE_TRANSFER
TX-00388,ACC-NORM-081,ACC-NORM-094,460.42,2026-08-08 16:44:56,UPI
TX-00389,ACC-NORM-065,ACC-NORM-076,550.52,2026-08-10 14:04:52,ACH
TX-00390,ACC-NORM-044,ACC-NORM-056,1232.2,2026-08-30 06:08:21,UPI
TX-00391,ACC-NORM-003,ACC-NORM-030,2152.6,2026-08-09 08:08:13,NEFT
TX-00392,ACC-NORM-016,ACC-NORM-047,325.6,2026-08-24 05:50:02,ACH
TX-00393,ACC-NORM-080,ACC-NORM-007,918.28,2026-08-20 10:42:06,WIRE_TRANSFER
TX-00394,ACC-NORM-054,ACC-NORM-057,625.01,2026-08-13 12:35:16,WIRE_TRANSFER
TX-00395,ACC-NORM-039,ACC-NORM-054,200.19,2026-08-22 12:42:33,NEFT
TX-00396,ACC-NORM-054,ACC-NORM-107,932.43,2026-08-29 12:32:46,WIRE_TRANSFER
TX-00397,ACC-NORM-064,ACC-NORM-026,405.23,2026-08-20 15:49:16,NEFT
TX-00398,ACC-NORM-006,ACC-NORM-071,631.44,2026-08-16 15:44:59,WIRE_TRANSFER
TX-00399,ACC-NORM-086,ACC-NORM-012,1001.19,2026-08-30 12:53:36,WIRE_TRANSFER
TX-00400,ACC-NORM-100,ACC-NORM-066,6925.22,2026-08-04 08:46:06,UPI
TX-00401,ACC-NORM-038,ACC-NORM-034,75.71,2026-08-15 10:06:52,RTGS
TX-00402,ACC-NORM-055,ACC-NORM-095,80.64,2026-08-04 12:54:48,RTGS
TX-00403,ACC-NORM-046,ACC-NORM-115,1429.06,2026-08-16 04:17:56,RTGS
TX-00404,ACC-NORM-024,ACC-NORM-015,6177.41,2026-08-13 21:29:17,UPI
TX-00405,ACC-NORM-103,ACC-NORM-054,1021.47,2026-08-21 14:07:08,NEFT
TX-00406,ACC-NORM-014,ACC-NORM-054,856.3,2026-08-31 03:30:51,ACH
TX-00407,ACC-NORM-049,ACC-NORM-100,6987.56,2026-08-13 04:01:55,NEFT
TX-00408,ACC-NORM-062,ACC-NORM-118,583.85,2026-08-16 12:56:26,RTGS
TX-00409,ACC-NORM-002,ACC-NORM-091,4087.36,2026-08-29 06:33:49,NEFT
TX-00410,ACC-NORM-086,ACC-NORM-112,1049.84,2026-08-12 01:33:44,NEFT
TX-00411,ACC-NORM-062,ACC-NORM-045,5351.31,2026-08-23 06:41:24,WIRE_TRANSFER
TX-00412,ACC-NORM-083,ACC-NORM-120,118.91,2026-08-07 01:54:30,NEFT
TX-00413,ACC-NORM-043,ACC-NORM-036,1090.54,2026-08-03 01:14:35,NEFT
TX-00414,ACC-NORM-011,ACC-NORM-059,2508.96,2026-08-16 03:28:05,WIRE_TRANSFER
TX-00415,ACC-NORM-064,ACC-NORM-096,442.53,2026-08-21 09:06:25,WIRE_TRANSFER
TX-00416,ACC-NORM-106,ACC-NORM-012,293.49,2026-08-27 04:39:40,NEFT
TX-00417,ACC-NORM-084,ACC-NORM-086,204.22,2026-08-15 19:23:52,UPI
TX-00418,ACC-NORM-043,ACC-NORM-072,1340.12,2026-08-26 04:38:30,UPI
TX-00419,ACC-NORM-015,ACC-NORM-013,97.53,2026-08-26 06:14:00,RTGS
TX-00420,ACC-NORM-071,ACC-NORM-067,3326.43,2026-08-13 07:06:02,UPI
TX-00421,ACC-NORM-014,ACC-NORM-033,2860.71,2026-08-20 15:12:07,UPI
TX-00422,ACC-NORM-106,ACC-NORM-101,1535.52,2026-08-08 07:21:06,WIRE_TRANSFER
TX-00423,ACC-NORM-099,ACC-NORM-115,661.74,2026-08-15 23:42:37,WIRE_TRANSFER
TX-00424,ACC-NORM-071,ACC-NORM-120,826.82,2026-08-15 03:30:59,NEFT
TX-00425,ACC-NORM-089,ACC-NORM-075,61.37,2026-08-07 08:52:08,ACH
TX-00426,ACC-NORM-113,ACC-NORM-042,3905.71,2026-08-17 21:26:38,NEFT
TX-00427,ACC-NORM-018,ACC-NORM-053,781.56,2026-08-21 07:56:47,ACH
TX-00428,ACC-NORM-111,ACC-NORM-041,935.94,2026-08-24 08:59:35,ACH
TX-00429,ACC-NORM-092,ACC-NORM-038,50.0,2026-08-22 20:58:43,NEFT
TX-00430,ACC-NORM-065,ACC-NORM-070,195.92,2026-08-24 05:20:45,UPI
TX-00431,ACC-NORM-075,ACC-NORM-074,19530.3,2026-09-01 06:45:26,ACH
TX-00432,ACC-NORM-037,ACC-NORM-113,697.85,2026-08-28 22:51:00,NEFT
TX-00433,ACC-NORM-007,ACC-NORM-086,1035.15,2026-08-02 15:17:48,WIRE_TRANSFER
TX-00434,ACC-NORM-089,ACC-NORM-101,2074.48,2026-08-10 15:48:34,NEFT
TX-00435,ACC-NORM-066,ACC-NORM-101,2765.87,2026-08-27 07:18:44,ACH
TX-00436,ACC-NORM-007,ACC-NORM-002,571.72,2026-08-24 17:12:39,RTGS
TX-00437,ACC-NORM-097,ACC-NORM-076,397.38,2026-08-19 08:38:12,WIRE_TRANSFER
TX-00438,ACC-NORM-024,ACC-NORM-023,179.14,2026-08-25 01:07:24,RTGS
TX-00439,ACC-NORM-017,ACC-NORM-021,219.45,2026-08-19 17:00:21,WIRE_TRANSFER
TX-00440,ACC-NORM-020,ACC-NORM-119,6738.89,2026-08-12 04:03:49,RTGS
TX-00441,ACC-NORM-063,ACC-NORM-102,1567.41,2026-08-20 02:22:04,NEFT
TX-00442,ACC-NORM-024,ACC-NORM-067,771.75,2026-08-04 01:10:26,RTGS
TX-00443,ACC-NORM-029,ACC-NORM-114,460.97,2026-08-08 06:21:21,ACH
TX-00444,ACC-NORM-068,ACC-NORM-061,1245.62,2026-08-19 05:00:07,ACH
TX-00445,ACC-NORM-118,ACC-NORM-080,2956.21,2026-08-08 10:43:56,ACH
TX-00446,ACC-NORM-093,ACC-NORM-037,180.28,2026-08-02 01:52:49,UPI
TX-00447,ACC-NORM-063,ACC-NORM-006,1155.55,2026-08-11 05:12:20,NEFT
TX-00448,ACC-NORM-099,ACC-NORM-069,133.34,2026-08-18 09:40:04,NEFT
TX-00449,ACC-NORM-111,ACC-NORM-088,1603.34,2026-08-14 12:13:34,WIRE_TRANSFER
TX-00450,ACC-NORM-096,ACC-NORM-088,455.02,2026-08-05 09:29:45,WIRE_TRANSFER
TX-00451,ACC-NORM-023,ACC-NORM-102,470.39,2026-08-10 02:04:36,UPI
TX-00452,ACC-NORM-056,ACC-NORM-041,812.4,2026-08-01 21:43:07,ACH
TX-00453,ACC-NORM-009,ACC-NORM-097,2030.79,2026-08-25 03:02:44,ACH
TX-00454,ACC-NORM-014,ACC-NORM-038,538.02,2026-08-27 06:19:38,WIRE_TRANSFER
TX-00455,ACC-NORM-061,ACC-NORM-021,219.62,2026-08-18 16:08:47,ACH
TX-00456,ACC-NORM-038,ACC-NORM-082,1412.48,2026-08-05 18:43:56,WIRE_TRANSFER
TX-00457,ACC-NORM-071,ACC-NORM-112,2814.4,2026-08-18 13:07:02,RTGS
TX-00458,ACC-NORM-027,ACC-NORM-096,400.28,2026-08-25 08:22:13,ACH
TX-00459,ACC-NORM-019,ACC-NORM-021,374.31,2026-08-06 16:39:53,ACH
TX-00460,ACC-NORM-110,ACC-NORM-007,768.26,2026-08-29 02:29:41,WIRE_TRANSFER
TX-00461,ACC-NORM-033,ACC-NORM-013,2824.15,2026-08-08 08:37:31,NEFT
TX-00462,ACC-NORM-013,ACC-NORM-037,336.02,2026-08-20 11:57:12,ACH
TX-00463,ACC-NORM-085,ACC-NORM-040,1360.73,2026-08-24 03:09:36,UPI
TX-00464,ACC-NORM-022,ACC-NORM-001,2244.59,2026-08-11 16:50:14,RTGS
TX-00465,ACC-NORM-108,ACC-NORM-047,2830.61,2026-08-06 06:46:21,RTGS
TX-00466,ACC-NORM-100,ACC-NORM-040,921.86,2026-08-17 02:06:11,RTGS
TX-00467,ACC-NORM-110,ACC-NORM-106,2410.64,2026-08-06 02:12:16,WIRE_TRANSFER
TX-00468,ACC-NORM-115,ACC-NORM-003,3066.89,2026-08-29 01:40:01,ACH
TX-00469,ACC-NORM-028,ACC-NORM-117,3873.7,2026-08-03 02:16:34,NEFT
TX-00470,ACC-NORM-047,ACC-NORM-051,297.74,2026-08-09 03:46:54,ACH
TX-00471,ACC-NORM-012,ACC-NORM-051,1231.46,2026-08-13 01:00:42,NEFT
TX-00472,ACC-NORM-023,ACC-NORM-073,630.83,2026-09-01 03:42:55,NEFT
TX-00473,ACC-NORM-098,ACC-NORM-063,127.46,2026-08-08 11:16:23,ACH
TX-00474,ACC-NORM-117,ACC-NORM-102,603.1,2026-08-12 21:30:58,RTGS
TX-00475,ACC-NORM-014,ACC-NORM-091,109.21,2026-09-01 01:40:53,ACH
TX-00476,ACC-NORM-070,ACC-NORM-073,298.89,2026-08-06 21:41:24,WIRE_TRANSFER
TX-00477,ACC-NORM-067,ACC-NORM-033,67.4,2026-08-13 16:33:25,UPI
TX-00478,ACC-NORM-102,ACC-NORM-062,2708.51,2026-08-30 04:00:32,NEFT
TX-00479,ACC-NORM-010,ACC-NORM-066,242.11,2026-08-21 17:13:09,WIRE_TRANSFER
TX-00480,ACC-NORM-085,ACC-NORM-030,618.31,2026-08-14 19:46:07,NEFT
TX-00481,ACC-NORM-076,ACC-NORM-021,73.33,2026-08-21 22:01:15,NEFT
TX-00482,ACC-NORM-018,ACC-NORM-081,278.1,2026-08-17 10:57:36,NEFT
TX-00483,ACC-NORM-067,ACC-NORM-052,150.99,2026-08-21 03:40:01,UPI
TX-00484,ACC-NORM-112,ACC-NORM-062,1827.57,2026-08-06 16:53:26,NEFT
TX-00485,ACC-NORM-080,ACC-NORM-085,823.38,2026-08-17 17:10:46,UPI
TX-00486,ACC-NORM-050,ACC-NORM-017,2961.81,2026-08-04 09:12:33,UPI
TX-00487,ACC-NORM-106,ACC-NORM-020,5249.82,2026-08-20 12:11:30,ACH
TX-00488,ACC-NORM-065,ACC-NORM-097,97.59,2026-08-04 11:30:42,WIRE_TRANSFER
TX-00489,ACC-NORM-115,ACC-NORM-100,180.47,2026-08-23 05:27:33,ACH
TX-00490,ACC-NORM-055,ACC-NORM-030,366.89,2026-09-01 00:50:49,ACH
TX-00491,ACC-NORM-013,ACC-NORM-055,527.48,2026-08-05 17:30:49,WIRE_TRANSFER
TX-00492,ACC-NORM-074,ACC-NORM-067,1842.65,2026-08-05 01:00:24,RTGS
TX-00493,ACC-NORM-053,ACC-NORM-047,843.8,2026-08-04 13:27:41,ACH
TX-00494,ACC-NORM-055,ACC-NORM-073,510.25,2026-08-13 04:17:43,ACH
TX-00495,ACC-NORM-101,ACC-NORM-072,773.93,2026-08-16 14:23:35,RTGS
TX-00496,ACC-NORM-074,ACC-NORM-045,240.31,2026-08-26 07:25:47,NEFT
TX-00497,ACC-NORM-013,ACC-NORM-028,3309.77,2026-08-17 21:50:21,WIRE_TRANSFER
TX-00498,ACC-NORM-021,ACC-NORM-050,3142.29,2026-09-01 05:00:51,WIRE_TRANSFER
TX-00499,ACC-NORM-034,ACC-NORM-029,366.91,2026-08-12 11:38:02,RTGS
TX-00500,ACC-NORM-092,ACC-NORM-077,568.28,2026-08-02 14:40:31,ACH
TX-00501,ACC-NORM-037,ACC-NORM-025,1923.02,2026-08-03 04:32:33,WIRE_TRANSFER
TX-00502,ACC-NORM-047,ACC-NORM-031,403.48,2026-08-21 09:10:05,ACH
TX-00503,ACC-NORM-026,ACC-NORM-067,4518.31,2026-08-02 08:45:04,ACH
TX-00504,ACC-NORM-118,ACC-NORM-075,568.92,2026-08-12 20:52:17,WIRE_TRANSFER
TX-00505,ACC-NORM-034,ACC-NORM-023,191.08,2026-08-15 01:06:35,WIRE_TRANSFER
TX-00506,ACC-NORM-103,ACC-NORM-066,3030.42,2026-08-31 17:56:34,UPI
TX-00507,ACC-NORM-049,ACC-NORM-073,3845.39,2026-08-16 16:48:21,UPI
TX-00508,ACC-NORM-115,ACC-NORM-076,296.6,2026-08-28 09:30:07,NEFT
TX-00509,ACC-NORM-087,ACC-NORM-090,688.36,2026-08-08 19:26:22,RTGS
TX-00510,ACC-NORM-032,ACC-NORM-037,3628.67,2026-08-03 21:43:47,RTGS
TX-00511,ACC-NORM-028,ACC-NORM-115,663.43,2026-08-19 17:11:47,NEFT
TX-00512,ACC-NORM-112,ACC-NORM-034,172.25,2026-08-07 16:12:53,NEFT
TX-00513,ACC-NORM-100,ACC-NORM-014,655.11,2026-08-04 11:43:42,ACH
TX-00514,ACC-NORM-006,ACC-NORM-109,226.52,2026-08-16 20:39:20,ACH
TX-00515,ACC-NORM-112,ACC-NORM-036,690.95,2026-08-16 14:48:58,ACH
TX-00516,ACC-NORM-017,ACC-NORM-007,152.28,2026-08-17 22:30:34,NEFT
TX-00517,ACC-NORM-059,ACC-NORM-016,160.59,2026-08-24 01:29:20,RTGS
TX-00518,ACC-NORM-047,ACC-NORM-079,340.96,2026-08-28 17:11:35,ACH
TX-00519,ACC-NORM-044,ACC-NORM-047,339.63,2026-08-07 00:27:13,RTGS
TX-00520,ACC-NORM-110,ACC-NORM-052,111.0,2026-08-09 23:11:36,NEFT
TX-00521,ACC-NORM-105,ACC-NORM-013,1469.75,2026-08-24 17:51:15,NEFT
TX-00522,ACC-NORM-019,ACC-NORM-103,1428.28,2026-09-01 08:09:30,UPI
TX-00523,ACC-NORM-018,ACC-NORM-115,5514.57,2026-08-29 05:33:34,RTGS
TX-00524,ACC-NORM-033,ACC-NORM-072,247.96,2026-08-29 03:03:25,NEFT
TX-00525,ACC-NORM-105,ACC-NORM-033,1313.21,2026-08-17 05:06:28,RTGS
TX-00526,ACC-NORM-072,ACC-NORM-120,502.74,2026-08-26 17:22:01,ACH
TX-00527,ACC-NORM-026,ACC-NORM-074,267.01,2026-08-20 05:41:34,UPI
TX-00528,ACC-NORM-100,ACC-NORM-095,201.69,2026-08-15 11:24:39,NEFT
TX-00529,ACC-NORM-112,ACC-NORM-022,980.86,2026-08-21 19:26:40,WIRE_TRANSFER
TX-00530,ACC-NORM-011,ACC-NORM-021,1974.02,2026-08-11 16:20:20,ACH
TX-00531,ACC-NORM-083,ACC-NORM-051,719.39,2026-08-09 23:49:55,NEFT
TX-00532,ACC-NORM-024,ACC-NORM-110,1042.23,2026-08-01 13:46:15,NEFT
TX-00533,ACC-NORM-051,ACC-NORM-014,627.45,2026-08-04 11:59:56,UPI
TX-00534,ACC-NORM-068,ACC-NORM-098,85.11,2026-08-03 12:16:39,UPI
TX-00535,ACC-NORM-040,ACC-NORM-030,897.6,2026-08-09 08:18:28,NEFT
TX-00536,ACC-NORM-004,ACC-NORM-005,334.64,2026-08-22 20:55:58,ACH
TX-00537,ACC-NORM-120,ACC-NORM-035,810.51,2026-08-18 23:08:44,UPI
TX-00538,ACC-NORM-081,ACC-NORM-096,1233.05,2026-08-22 03:27:33,RTGS
TX-00539,ACC-NORM-062,ACC-NORM-070,457.93,2026-08-08 11:28:19,RTGS
TX-00540,ACC-NORM-002,ACC-NORM-001,623.94,2026-08-17 13:22:18,UPI
TX-00541,ACC-NORM-097,ACC-NORM-062,3047.57,2026-08-10 09:49:27,WIRE_TRANSFER
TX-00542,ACC-NORM-071,ACC-NORM-048,559.69,2026-08-07 22:56:35,UPI
TX-00543,ACC-NORM-107,ACC-NORM-049,1134.24,2026-08-08 17:05:27,ACH
TX-00544,ACC-NORM-104,ACC-NORM-089,9096.91,2026-08-22 17:18:41,UPI
TX-00545,ACC-NORM-025,ACC-NORM-110,152.52,2026-08-03 14:08:18,UPI
TX-00546,ACC-NORM-035,ACC-NORM-090,726.64,2026-08-21 00:12:20,WIRE_TRANSFER
TX-00547,ACC-NORM-037,ACC-NORM-035,309.12,2026-08-06 07:28:46,UPI
TX-00548,ACC-NORM-048,ACC-NORM-060,125.8,2026-08-23 10:21:05,NEFT
TX-00549,ACC-NORM-115,ACC-NORM-108,69.48,2026-08-09 21:53:00,UPI
TX-00550,ACC-NORM-032,ACC-NORM-095,2132.43,2026-08-02 15:29:47,NEFT
TX-00551,ACC-NORM-061,ACC-NORM-050,50.1,2026-08-22 18:59:20,ACH
TX-00552,ACC-NORM-067,ACC-NORM-016,1732.08,2026-08-10 00:40:19,WIRE_TRANSFER
TX-00553,ACC-NORM-031,ACC-NORM-082,2862.0,2026-08-14 19:00:10,UPI
TX-00554,ACC-NORM-102,ACC-NORM-032,2345.5,2026-08-01 10:37:50,NEFT
TX-00555,ACC-NORM-048,ACC-NORM-099,73.28,2026-08-03 16:10:31,WIRE_TRANSFER
TX-00556,ACC-NORM-008,ACC-NORM-046,1321.32,2026-08-21 13:44:34,NEFT
TX-00557,ACC-NORM-041,ACC-NORM-072,2039.76,2026-08-27 05:48:22,NEFT
TX-00558,ACC-NORM-003,ACC-NORM-089,1745.17,2026-08-13 20:46:08,ACH
TX-00559,ACC-NORM-090,ACC-NORM-063,206.04,2026-08-08 03:11:34,RTGS
TX-00560,ACC-NORM-112,ACC-NORM-107,747.26,2026-08-21 02:10:04,RTGS
TX-00561,ACC-NORM-070,ACC-NORM-047,696.49,2026-08-15 09:49:40,WIRE_TRANSFER
TX-00562,ACC-NORM-080,ACC-NORM-110,2518.54,2026-08-13 04:15:20,ACH
TX-00563,ACC-NORM-105,ACC-NORM-050,1269.95,2026-08-08 01:43:31,RTGS
TX-00564,ACC-NORM-042,ACC-NORM-053,700.07,2026-08-21 19:07:06,NEFT
TX-00565,ACC-NORM-023,ACC-NORM-112,1072.01,2026-08-02 15:06:31,UPI
TX-00566,ACC-NORM-068,ACC-NORM-080,330.89,2026-08-24 03:16:03,WIRE_TRANSFER
TX-00567,ACC-NORM-002,ACC-NORM-120,554.41,2026-08-30 15:41:31,RTGS
TX-00568,ACC-NORM-072,ACC-NORM-096,1108.89,2026-08-31 22:52:23,WIRE_TRANSFER
TX-00569,ACC-NORM-107,ACC-NORM-039,228.71,2026-08-03 15:33:06,UPI
TX-00570,ACC-NORM-025,ACC-NORM-068,5357.56,2026-08-22 16:36:40,ACH
TX-00571,ACC-NORM-054,ACC-NORM-096,2225.32,2026-08-05 05:36:22,UPI
TX-00572,ACC-NORM-114,ACC-NORM-014,684.17,2026-08-06 14:35:25,ACH
TX-00573,ACC-NORM-077,ACC-NORM-057,2226.23,2026-08-30 20:57:20,UPI
TX-00574,ACC-NORM-106,ACC-NORM-093,773.02,2026-08-12 04:15:36,ACH
TX-00575,ACC-NORM-119,ACC-NORM-096,174.37,2026-08-09 20:28:28,WIRE_TRANSFER
TX-00576,ACC-NORM-067,ACC-NORM-018,125.49,2026-08-29 18:00:19,RTGS
TX-00577,ACC-NORM-118,ACC-NORM-071,782.72,2026-08-18 02:36:59,UPI
TX-00578,ACC-NORM-046,ACC-NORM-020,829.24,2026-08-05 17:23:56,RTGS
TX-00579,ACC-NORM-012,ACC-NORM-074,3807.37,2026-08-14 03:58:13,UPI
TX-00580,ACC-NORM-023,ACC-NORM-063,1376.23,2026-08-28 07:44:36,RTGS
TX-00581,ACC-NORM-005,ACC-NORM-094,50.0,2026-08-27 03:24:05,UPI
TX-00582,ACC-NORM-054,ACC-NORM-120,131.6,2026-08-28 12:55:49,ACH
TX-00583,ACC-NORM-119,ACC-NORM-002,437.4,2026-08-22 05:24:03,ACH
TX-00584,ACC-NORM-073,ACC-NORM-020,74.62,2026-08-12 01:44:14,UPI
TX-00585,ACC-NORM-058,ACC-NORM-097,297.21,2026-08-21 03:32:05,UPI
TX-00586,ACC-NORM-019,ACC-NORM-017,2033.81,2026-08-11 11:30:36,RTGS
TX-00587,ACC-NORM-011,ACC-NORM-052,276.01,2026-08-17 22:49:44,ACH
TX-00588,ACC-NORM-026,ACC-NORM-063,710.44,2026-08-14 05:36:12,RTGS
TX-00589,ACC-NORM-100,ACC-NORM-056,522.42,2026-08-12 06:59:36,RTGS
TX-00590,ACC-NORM-045,ACC-NORM-077,233.44,2026-08-21 09:49:19,UPI
TX-00591,ACC-NORM-080,ACC-NORM-019,116.31,2026-08-15 10:59:52,NEFT
TX-00592,ACC-NORM-097,ACC-NORM-094,1042.01,2026-08-28 11:07:47,UPI
TX-00593,ACC-NORM-061,ACC-NORM-003,179.88,2026-08-11 15:47:34,RTGS
TX-00594,ACC-NORM-071,ACC-NORM-062,1105.27,2026-08-21 08:09:44,WIRE_TRANSFER
TX-00595,ACC-NORM-033,ACC-NORM-022,1158.86,2026-08-02 18:12:50,UPI
TX-00596,ACC-NORM-084,ACC-NORM-002,481.76,2026-08-03 21:42:17,RTGS
TX-00597,ACC-NORM-112,ACC-NORM-114,706.67,2026-08-21 21:14:24,RTGS
TX-00598,ACC-NORM-063,ACC-NORM-111,1027.11,2026-08-21 02:05:11,WIRE_TRANSFER
TX-00599,ACC-NORM-032,ACC-NORM-119,512.69,2026-08-17 18:21:31,RTGS
TX-00600,ACC-NORM-088,ACC-NORM-046,406.72,2026-08-13 05:19:15,RTGS
TX-00601,ACC-NORM-001,ACC-SUSP-RAPID01,78000.0,2026-08-06 19:15:00,RTGS
TX-00602,ACC-SUSP-RAPID01,ACC-NORM-002,76500.0,2026-08-06 22:00:00,RTGS
TX-00603,ACC-SUSP-HIVAL01,ACC-NORM-113,145000.0,2026-08-09 23:20:00,WIRE_TRANSFER
TX-00604,ACC-SUSP-HIVAL01,ACC-NORM-050,210000.0,2026-08-11 02:20:00,WIRE_TRANSFER
TX-00605,ACC-SUSP-HIVAL01,ACC-NORM-114,185000.0,2026-08-12 05:20:00,WIRE_TRANSFER
TX-00606,ACC-NORM-105,ACC-SUSP-STRUCT01,9600.0,2026-08-13 18:00:00,NEFT
TX-00607,ACC-NORM-004,ACC-SUSP-STRUCT01,9450.0,2026-08-13 21:15:00,NEFT
TX-00608,ACC-NORM-072,ACC-SUSP-STRUCT01,9200.0,2026-08-14 00:30:00,NEFT
TX-00609,ACC-NORM-036,ACC-SUSP-STRUCT01,9800.0,2026-08-14 03:45:00,NEFT
TX-00610,ACC-NORM-029,ACC-SUSP-STRUCT01,8950.0,2026-08-14 07:00:00,NEFT
TX-00611,ACC-NORM-020,ACC-SUSP-FANIN01,6554.61,2026-08-16 17:00:00,UPI
TX-00612,ACC-NORM-044,ACC-SUSP-FANIN01,5822.51,2026-08-16 17:45:00,UPI
TX-00613,ACC-NORM-115,ACC-SUSP-FANIN01,6372.98,2026-08-16 18:30:00,UPI
TX-00614,ACC-NORM-051,ACC-SUSP-FANIN01,7054.46,2026-08-16 19:15:00,UPI
TX-00615,ACC-NORM-085,ACC-SUSP-FANIN01,6402.83,2026-08-16 20:00:00,UPI
TX-00616,ACC-NORM-018,ACC-SUSP-FANIN01,5460.67,2026-08-16 20:45:00,UPI
TX-00617,ACC-NORM-012,ACC-SUSP-FANIN01,6005.14,2026-08-16 21:30:00,UPI
TX-00618,ACC-SUSP-FANIN01,ACC-NORM-006,38500.0,2026-08-17 00:15:00,RTGS
TX-00619,ACC-NORM-009,ACC-SUSP-FANOUT01,92000.0,2026-08-19 19:00:00,WIRE_TRANSFER
TX-00620,ACC-SUSP-FANOUT01,ACC-NORM-024,14900.0,2026-08-19 20:27:00,NEFT
TX-00621,ACC-SUSP-FANOUT01,ACC-NORM-020,14900.0,2026-08-19 21:19:00,NEFT
TX-00622,ACC-SUSP-FANOUT01,ACC-NORM-021,14900.0,2026-08-19 20:35:00,NEFT
TX-00623,ACC-SUSP-FANOUT01,ACC-NORM-025,14900.0,2026-08-19 20:27:00,NEFT
TX-00624,ACC-SUSP-FANOUT01,ACC-NORM-015,14900.0,2026-08-19 20:49:00,NEFT
TX-00625,ACC-SUSP-FANOUT01,ACC-NORM-014,14900.0,2026-08-19 21:17:00,NEFT
TX-00626,ACC-SUSP-BURST01,ACC-NORM-117,5946.77,2026-08-23 23:00:00,WIRE_TRANSFER
TX-00627,ACC-NORM-117,ACC-SUSP-BURST01,11830.44,2026-08-23 23:08:00,WIRE_TRANSFER
TX-00628,ACC-SUSP-BURST01,ACC-NORM-019,9593.62,2026-08-23 23:16:00,WIRE_TRANSFER
TX-00629,ACC-NORM-073,ACC-SUSP-BURST01,11419.78,2026-08-23 23:24:00,WIRE_TRANSFER
TX-00630,ACC-SUSP-BURST01,ACC-NORM-041,5474.7,2026-08-23 23:32:00,WIRE_TRANSFER
TX-00631,ACC-NORM-069,ACC-SUSP-BURST01,11640.21,2026-08-23 23:40:00,WIRE_TRANSFER
TX-00632,ACC-SUSP-BURST01,ACC-NORM-016,6288.95,2026-08-23 23:48:00,WIRE_TRANSFER
TX-00633,ACC-NORM-108,ACC-SUSP-BURST01,11157.47,2026-08-23 23:56:00,WIRE_TRANSFER
TX-00634,ACC-SUSP-BURST01,ACC-NORM-094,5206.38,2026-08-24 00:04:00,WIRE_TRANSFER
TX-00635,ACC-NORM-041,ACC-SUSP-BURST01,11160.92,2026-08-24 00:12:00,WIRE_TRANSFER
TX-00636,ACC-SUSP-CHAIN01,ACC-SUSP-CHAIN02,65000.0,2026-08-26 20:00:00,WIRE_TRANSFER
TX-00637,ACC-SUSP-CHAIN02,ACC-SUSP-CHAIN03,64200.0,2026-08-27 00:00:00,WIRE_TRANSFER
TX-00638,ACC-SUSP-CHAIN03,ACC-SUSP-CHAIN01,63800.0,2026-08-27 04:00:00,WIRE_TRANSFER
