Transaction Date,Description,Debit Amount,Credit Amount,Account ID,Counterparty,Reference ID
2026-09-01 17:15:00,Monthly Corporate Salary,,6500.00,ACC-PRIMARY-STMT,ACC-EMPLOYER-CORP,REF-NOR-0001
2026-09-02 01:30:00,Metro Electric Utility Bill,145.20,,ACC-PRIMARY-STMT,ACC-METRO-POWER,REF-NOR-0002
2026-09-02 09:45:00,City Water Services,62.50,,ACC-PRIMARY-STMT,ACC-CITY-WATER,REF-NOR-0003
2026-09-02 18:00:00,Whole Foods Market Groceries,188.40,,ACC-PRIMARY-STMT,ACC-MERCHANT-GROCERY,REF-NOR-0004
2026-09-03 02:15:00,Amazon Online Marketplace,74.99,,ACC-PRIMARY-STMT,ACC-AMZN-RETAIL,REF-NOR-0005
2026-09-03 10:30:00,Monthly Residential Rent,2200.00,,ACC-PRIMARY-STMT,ACC-LANDLORD-PROP,REF-NOR-0006
2026-09-03 18:45:00,Starbucks Coffee,8.75,,ACC-PRIMARY-STMT,ACC-STARBUCKS-01,REF-NOR-0007
2026-09-04 03:00:00,Health Insurance Premium,340.00,,ACC-PRIMARY-STMT,ACC-BLUECROSS-INS,REF-NOR-0008
2026-09-04 11:15:00,Gym Membership Subscription,55.00,,ACC-PRIMARY-STMT,ACC-FITNESS-CLUB,REF-NOR-0009
2026-09-04 19:30:00,Fuel & Gas Station,48.30,,ACC-PRIMARY-STMT,ACC-SHELL-STATION,REF-NOR-0010
2026-09-05 03:45:00,Pharmacy Medication,32.10,,ACC-PRIMARY-STMT,ACC-CVS-PHARMACY,REF-NOR-0011
2026-09-05 12:00:00,Internet & Fiber Bill,85.00,,ACC-PRIMARY-STMT,ACC-VERIZON-NET,REF-NOR-0012
2026-09-05 20:15:00,Streaming Entertainment,19.99,,ACC-PRIMARY-STMT,ACC-NETFLIX-SVCS,REF-NOR-0013
2026-09-06 04:30:00,Dining & Bistro Restaurant,112.50,,ACC-PRIMARY-STMT,ACC-BISTRO-DINING,REF-NOR-0014
2026-09-06 12:45:00,Bookstore Purchase,27.60,,ACC-PRIMARY-STMT,ACC-BARNES-BOOKS,REF-NOR-0015
2026-09-06 21:00:00,Monthly Corporate Salary,,6500.00,ACC-PRIMARY-STMT,ACC-EMPLOYER-CORP,REF-NOR-0016
2026-09-07 05:15:00,Metro Electric Utility Bill,145.20,,ACC-PRIMARY-STMT,ACC-METRO-POWER,REF-NOR-0017
2026-09-07 13:30:00,City Water Services,62.50,,ACC-PRIMARY-STMT,ACC-CITY-WATER,REF-NOR-0018
2026-09-07 21:45:00,Whole Foods Market Groceries,188.40,,ACC-PRIMARY-STMT,ACC-MERCHANT-GROCERY,REF-NOR-0019
2026-09-08 06:00:00,Amazon Online Marketplace,74.99,,ACC-PRIMARY-STMT,ACC-AMZN-RETAIL,REF-NOR-0020
2026-09-08 14:15:00,Monthly Residential Rent,2200.00,,ACC-PRIMARY-STMT,ACC-LANDLORD-PROP,REF-NOR-0021
2026-09-08 22:30:00,Starbucks Coffee,8.75,,ACC-PRIMARY-STMT,ACC-STARBUCKS-01,REF-NOR-0022
2026-09-09 06:45:00,Health Insurance Premium,340.00,,ACC-PRIMARY-STMT,ACC-BLUECROSS-INS,REF-NOR-0023
2026-09-09 15:00:00,Gym Membership Subscription,55.00,,ACC-PRIMARY-STMT,ACC-FITNESS-CLUB,REF-NOR-0024
2026-09-09 23:15:00,Fuel & Gas Station,48.30,,ACC-PRIMARY-STMT,ACC-SHELL-STATION,REF-NOR-0025
2026-09-10 07:30:00,Pharmacy Medication,32.10,,ACC-PRIMARY-STMT,ACC-CVS-PHARMACY,REF-NOR-0026
2026-09-10 15:45:00,Internet & Fiber Bill,85.00,,ACC-PRIMARY-STMT,ACC-VERIZON-NET,REF-NOR-0027
2026-09-11 00:00:00,Streaming Entertainment,19.99,,ACC-PRIMARY-STMT,ACC-NETFLIX-SVCS,REF-NOR-0028
2026-09-11 08:15:00,Dining & Bistro Restaurant,112.50,,ACC-PRIMARY-STMT,ACC-BISTRO-DINING,REF-NOR-0029
2026-09-11 16:30:00,Bookstore Purchase,27.60,,ACC-PRIMARY-STMT,ACC-BARNES-BOOKS,REF-NOR-0030
2026-09-12 00:45:00,Monthly Corporate Salary,,6500.00,ACC-PRIMARY-STMT,ACC-EMPLOYER-CORP,REF-NOR-0031
2026-09-12 09:00:00,Metro Electric Utility Bill,145.20,,ACC-PRIMARY-STMT,ACC-METRO-POWER,REF-NOR-0032
2026-09-12 17:15:00,City Water Services,62.50,,ACC-PRIMARY-STMT,ACC-CITY-WATER,REF-NOR-0033
2026-09-13 01:30:00,Whole Foods Market Groceries,188.40,,ACC-PRIMARY-STMT,ACC-MERCHANT-GROCERY,REF-NOR-0034
2026-09-13 09:45:00,Amazon Online Marketplace,74.99,,ACC-PRIMARY-STMT,ACC-AMZN-RETAIL,REF-NOR-0035
2026-09-13 18:00:00,Monthly Residential Rent,2200.00,,ACC-PRIMARY-STMT,ACC-LANDLORD-PROP,REF-NOR-0036
2026-09-14 02:15:00,Starbucks Coffee,8.75,,ACC-PRIMARY-STMT,ACC-STARBUCKS-01,REF-NOR-0037
2026-09-14 10:30:00,Health Insurance Premium,340.00,,ACC-PRIMARY-STMT,ACC-BLUECROSS-INS,REF-NOR-0038
2026-09-14 18:45:00,Gym Membership Subscription,55.00,,ACC-PRIMARY-STMT,ACC-FITNESS-CLUB,REF-NOR-0039
2026-09-15 03:00:00,Fuel & Gas Station,48.30,,ACC-PRIMARY-STMT,ACC-SHELL-STATION,REF-NOR-0040
2026-09-15 11:15:00,Pharmacy Medication,32.10,,ACC-PRIMARY-STMT,ACC-CVS-PHARMACY,REF-NOR-0041
2026-09-15 19:30:00,Internet & Fiber Bill,85.00,,ACC-PRIMARY-STMT,ACC-VERIZON-NET,REF-NOR-0042
2026-09-16 03:45:00,Streaming Entertainment,19.99,,ACC-PRIMARY-STMT,ACC-NETFLIX-SVCS,REF-NOR-0043
2026-09-16 12:00:00,Dining & Bistro Restaurant,112.50,,ACC-PRIMARY-STMT,ACC-BISTRO-DINING,REF-NOR-0044
2026-09-16 20:15:00,Bookstore Purchase,27.60,,ACC-PRIMARY-STMT,ACC-BARNES-BOOKS,REF-NOR-0045
2026-09-18 20:15:00,Inbound Wire Transfer from Offshore Entity,,85000.00,ACC-PASS-THROUGH,ACC-OFFSHORE-GLOBAL,REF-SUSP-0046
2026-09-18 20:30:00,Urgent Outbound Wire Disbursement Tranche 1,28000.00,,ACC-PASS-THROUGH,ACC-SHELL-BENEFICIARY-01,REF-SUSP-0047
2026-09-18 20:45:00,Urgent Outbound Wire Disbursement Tranche 2,28000.00,,ACC-PASS-THROUGH,ACC-SHELL-BENEFICIARY-02,REF-SUSP-0048
2026-09-18 21:00:00,Urgent Outbound Wire Disbursement Tranche 3,28000.00,,ACC-PASS-THROUGH,ACC-SHELL-BENEFICIARY-03,REF-SUSP-0049
2026-09-20 00:20:00,Over-The-Counter Cash Placement Deposit,,9800.00,ACC-STRUCT-SUSPECT,ACC-CASH-VAULT,REF-SMURF-0050
2026-09-20 03:40:00,Over-The-Counter Cash Placement Deposit,,9500.00,ACC-STRUCT-SUSPECT,ACC-CASH-VAULT,REF-SMURF-0051
2026-09-20 07:00:00,Over-The-Counter Cash Placement Deposit,,9900.00,ACC-STRUCT-SUSPECT,ACC-CASH-VAULT,REF-SMURF-0052
2026-09-20 10:20:00,Over-The-Counter Cash Placement Deposit,,9400.00,ACC-STRUCT-SUSPECT,ACC-CASH-VAULT,REF-SMURF-0053
2026-09-20 13:40:00,Over-The-Counter Cash Placement Deposit,,9750.00,ACC-STRUCT-SUSPECT,ACC-CASH-VAULT,REF-SMURF-0054
2026-09-22 13:40:00,Capital Injection Wire,,120000.00,ACC-FANOUT-HUB,ACC-VENTURE-HOLDINGS,REF-FAN-0055
2026-09-22 13:58:00,Commercial Transfer to Counterparty M1,22000.00,,ACC-FANOUT-HUB,ACC-MULE-RECIPIENT-01,REF-FAN-0056
2026-09-22 14:16:00,Commercial Transfer to Counterparty M2,22000.00,,ACC-FANOUT-HUB,ACC-MULE-RECIPIENT-02,REF-FAN-0057
2026-09-22 14:34:00,Commercial Transfer to Counterparty M3,22000.00,,ACC-FANOUT-HUB,ACC-MULE-RECIPIENT-03,REF-FAN-0058
2026-09-22 14:52:00,Commercial Transfer to Counterparty M4,22000.00,,ACC-FANOUT-HUB,ACC-MULE-RECIPIENT-04,REF-FAN-0059
2026-09-22 15:10:00,Commercial Transfer to Counterparty M5,22000.00,,ACC-FANOUT-HUB,ACC-MULE-RECIPIENT-05,REF-FAN-0060
2026-09-23 21:10:00,Consulting Fee Settlement,65000.00,,ACC-LOOP-ALPHA,ACC-LOOP-BETA,REF-LOOP-0061
2026-09-24 03:10:00,Subcontractor Invoice Payment,64200.00,,ACC-LOOP-BETA,ACC-LOOP-GAMMA,REF-LOOP-0062
2026-09-24 09:10:00,Management Advisory Rebate,63800.00,,ACC-LOOP-GAMMA,ACC-LOOP-ALPHA,REF-LOOP-0063
